llat,llon,rlat,rlon
43.73865111589233,-101.3689642453228,43.73876156786564,-101.3685833680913
43.73840570131912,-101.3688569017236,43.73848860014919,-101.3684835283012
43.73825049121574,-101.3688001954283,43.73837892720326,-101.3682194695256
43.73810392915382,-101.3686489247623,43.73823560798499,-101.3678399789787
43.73807659194082,-101.3683915230792,43.73812488043244,-101.3676178605877
43.73799397076942,-101.3680063626843,43.73790238457965,-101.3673964963883
43.73781808171168,-101.3677935246075,43.73769950517433,-101.3673199746531
43.73766612741215,-101.3676445817494,43.73755393581545,-101.3673657928339
43.73752405602913,-101.3676995274744,43.73737846755673,-101.3674383154392
43.73743871981419,-101.3678104912269,43.73725700868465,-101.3677223445822
43.73740269764473,-101.368072207575,43.73723698001133,-101.3680096828123
43.73744755750133,-101.368453501191,43.73728633122295,-101.3683904392776
43.73756046793282,-101.3687039746473,43.73737611162137,-101.3688072098068
43.73770976356686,-101.3689923224537,43.73747825460312,-101.3690026011328
43.73775388041603,-101.3692354193685,43.73740261758401,-101.3691432915167
43.73764251465632,-101.3694218140061,43.73730154839529,-101.3691681914179
43.73746271097529,-101.3694397729024,43.73708474377242,-101.3689983275956
43.73716838495604,-101.3693227423985,43.73688351663701,-101.3688569481181
43.73686854144359,-101.3691840807571,43.73672786588873,-101.3688595373076
43.73666542824805,-101.3691615463997,43.73654993101531,-101.3689003229709
43.73636827751582,-101.369321347009,43.73637873347418,-101.3689954328382
43.73612673312559,-101.3693997078302,43.73620517317148,-101.3690723731429
43.7360005128176,-101.369313500024,43.73610998860295,-101.3689313204216
43.73587979778865,-101.3689962136957,43.73605281407856,-101.368671880644
43.73580255450602,-101.3686228221564,43.73599565721327,-101.3684125164873
43.73572336567634,-101.3682258818379,43.73591577887101,-101.3681789703812
43.73554656782019,-101.3677132943178,43.7358334863206,-101.3679265485588
43.73536094591905,-101.3672724423092,43.73575053748171,-101.3676715122124
43.7352719693374,-101.3670861992018,43.73565331366387,-101.3674039067199
43.73530755366939,-101.3668245420353,43.73555634140299,-101.3672463706595
43.73534837273294,-101.3666079571353,43.73550402058299,-101.3670248609323
43.7353351484449,-101.3662204491199,43.73553592797747,-101.3667454050925
43.73525968022363,-101.3660087417806,43.73552109490603,-101.3665125491479
43.73513561773013,-101.3659452035053,43.73555801243071,-101.3662817053363
43.73497651720305,-101.3660043559125,43.73553291698407,-101.3659727051491
43.73479249285005,-101.366141642903,43.73541926619676,-101.3657828767786
43.73457706372935,-101.3662803225005,43.73530849725481,-101.3657223224358
43.73440700253514,-101.3665248877337,43.73516603031695,-101.3656241698268
43.73446315181261,-101.3668575646592,43.73500203423934,-101.3656657945804
43.73463994594563,-101.3672345526556,43.73478677994483,-101.365827774851
43.73481169078471,-101.3675637645428,43.73457944310684,-101.3659504155185
43.73487014813651,-101.3679187668593,43.73439282529198,-101.3661368259413
43.73484029127402,-101.3682234654582,43.73424862403072,-101.3663438798622
43.7346891553637,-101.3684878632321,43.73419130563104,-101.366519188015
43.73444673127467,-101.3686807297248,43.73423312177159,-101.3667717849338
43.73429864809883,-101.368691784342,43.73435131915846,-101.3671069902388
43.73411316062499,-101.3685257750392,43.73450345985515,-101.367397090136
43.73399989968425,-101.3685503554242,43.73463663339256,-101.3676384196154
43.73392423296593,-101.3687522928458,43.73463821145928,-101.3679800022331
43.73374617917899,-101.3689308736382,43.73458076986235,-101.3681556054152
43.73342513564017,-101.3690264779791,43.73443656790755,-101.368259015666
43.73318002171981,-101.3690596975719,43.73429257124986,-101.3682569496785
43.73287271641331,-101.3689915823252,43.73411473959145,-101.3681891282266
43.73267819958609,-101.3690355181547,43.73399619807025,-101.3681790069082
43.73263285373672,-101.3693456003179,43.73385843930534,-101.3682288330189
43.73250821160997,-101.3696957652949,43.73364713479305,-101.3682008021726
43.73228577727053,-101.3701837123949,43.73349731933711,-101.3682490396297
43.73204047900344,-101.3706072191724,43.73337371607591,-101.3684263524845
43.73178377236255,-101.3709408026213,43.73317599041728,-101.3686373844389
43.73152738891093,-101.3712505695298,43.73296893205657,-101.3686459916939
43.73123456960265,-101.3714551584785,43.73271834496117,-101.3686076824995
43.73097013585345,-101.3715370616352,43.73256499458036,-101.3686205179535
43.73081920899203,-101.371479398279,43.73242540247016,-101.3686274428256
43.73064816814569,-101.371245263845,43.73230398779601,-101.3686875963107
43.73054722287296,-101.3708787785559,43.73226439628144,-101.3688091473326
43.73058673754655,-101.370502939711,43.73224705373904,-101.3690187392724
43.73075569143931,-101.3700269096105,43.73221525438235,-101.3693205980503
43.73091676372059,-101.3695761683711,43.7321676482539,-101.3695865356375
43.73105078843724,-101.3691771743011,43.7320752425008,-101.3698098736015
43.73103608815124,-101.3687673273806,43.73200978212959,-101.3699140432939
43.73110980728111,-101.3682680862999,43.73196184532526,-101.3701811727225
43.73131110960987,-101.3671655965271,43.73181432497253,-101.3703561692327
43.73163427233047,-101.3668153440498,43.73167231748235,-101.3705866338417
43.73186356334313,-101.3665100240448,43.73149006879943,-101.3708083802629
43.73198551782928,-101.3661378980113,43.7312664366569,-101.3710010042777
43.731910632767,-101.3657874046785,43.73105226463772,-101.3710686713114
43.73169046819685,-101.3656088108813,43.73088870822031,-101.3709940490751
43.73145604267299,-101.3655930908232,43.73076533718815,-101.3708436349711
43.73138322774975,-101.365678664574,43.73075286138587,-101.3706072772936
43.73133826202343,-101.3659897904025,43.73084641595542,-101.3703197799291
43.73131277914624,-101.3664770087235,43.73096748748964,-101.3701292491883
43.73120547065754,-101.3668242868199,43.73106595395494,-101.3698523588604
43.73108425372857,-101.3670588696875,43.73112907919339,-101.3696228723534
43.73093775467967,-101.3672092095707,43.73118740777274,-101.3693368935246
43.73069695845551,-101.3671277634227,43.73124378953761,-101.3689477610745
43.73056171890209,-101.3669739876355,43.73124387573401,-101.3686234128004
43.73047576210282,-101.366691660184,43.73129612757059,-101.3682845297247
43.73044896890242,-101.3663103349227,43.73137565394531,-101.3679580239984
43.730492902399,-101.3658607483098,43.73150515101842,-101.3676216953474
43.73053283903079,-101.3655057296563,43.73164473020466,-101.3673739487589
43.73049444490884,-101.3653103816339,43.73186453368449,-101.3671003087112
43.73028490026169,-101.3649447370162,43.73199372580016,-101.3668725542233
43.73008674529864,-101.3648075607675,43.73207508161315,-101.366650243731
43.72996489554505,-101.3647651740428,43.73219662478097,-101.3664365126836
43.72979543993623,-101.3650111791646,43.73221280560211,-101.3662329386617
43.72967311256589,-101.3652444999796,43.73218093808407,-101.3659718248899
43.72960366788605,-101.3657670781101,43.732078559516,-101.3656741478685
43.72953084551279,-101.3660487115423,43.73202449830273,-101.3655002432677
43.7293458529894,-101.3661800414969,43.73182283762161,-101.3653920191499
43.72906236977374,-101.3662589836559,43.73161160350898,-101.3652407155893
43.72882423733396,-101.3661999032417,43.73145805000851,-101.3652774248817
43.72851107913888,-101.3658103592362,43.73134831291851,-101.3653983993816
43.72831542574504,-101.3654392113823,43.73126002062305,-101.3655260919568
43.72823801147687,-101.3650875902468,43.73123250628293,-101.3658586681721
43.72833527349503,-101.3647707302107,43.73119911147717,-101.3661383145341
43.728451206987,-101.3644715783638,43.73113970874425,-101.366404262689
43.72845396969957,-101.3640596285435,43.73107981348665,-101.3666709080622
43.72853711742851,-101.3636284713531,43.7309264704823,-101.3667946449002
43.72851190136415,-101.3634271174352,43.73078766000921,-101.3668458568104
43.72873874961589,-101.3631000911422,43.73070430375996,-101.3667913667653
43.72878406146089,-101.3627912367795,43.73059703599775,-101.3666733271692
43.72873514931653,-101.3623893180625,43.73055998868105,-101.366464466209
43.72856376585691,-101.3621989843558,43.7305562795784,-101.3661925516584
43.72834645693123,-101.3621796624141,43.73057396572231,-101.3659195004794
43.72806067092227,-101.3624284507667,43.7306503039166,-101.3656659577575
43.72768035682866,-101.3628592976372,43.73066925880157,-101.365499574763
43.72736853261582,-101.3631599185942,43.7306229185917,-101.365182911683
43.72723655227446,-101.3634424909833,43.73047829191223,-101.3649260847457
43.72723631045389,-101.3637179889147,43.73029690821466,-101.3647155657586
43.72753580479917,-101.3641535224467,43.73010917900504,-101.3645227737588
43.72773863337362,-101.364335529835,43.72999165783413,-101.3644384662399
43.72785608506291,-101.3646292284002,43.72985349741408,-101.3644712994977
43.72793005285079,-101.3649980388599,43.72966544633872,-101.3646236727999
43.72792627635218,-101.3653870505264,43.72961008671846,-101.3648930405279
43.72780975956871,-101.3656639015396,43.72955340479955,-101.3651774893766
43.72768071286983,-101.3658301580519,43.72947915992138,-101.365537519446
43.72745109553463,-101.3659759886112,43.72940719909997,-101.3658070811666
43.72725662021886,-101.3658452671289,43.72920758293146,-101.3659954777971
43.7271504495687,-101.3655043781303,43.72906528508209,-101.3660079653299
43.72700223703645,-101.3652386122235,43.72887961070925,-101.3658702186003
43.72687633721021,-101.3650153730626,43.72871523441683,-101.3656920933191
43.7266075977909,-101.3649851663419,43.72854022902698,-101.3654256791963
43.72639778370579,-101.3650330300498,43.72843288005865,-101.3651802848692
43.72614988479695,-101.3653182458883,43.7284478231786,-101.3649779353763
43.72598826746617,-101.3654917209224,43.72860452403422,-101.3647620493345
43.72571926685418,-101.3657343198682,43.72874827494982,-101.3645484756471
43.7254237692257,-101.3658926982525,43.72888541766893,-101.3641738960048
43.72518757536606,-101.3659915291528,43.72903432153336,-101.3639047163164
43.72489277119742,-101.3660116064687,43.72911588068245,-101.3635079833135
43.72467994298989,-101.3658733897102,43.72914854661845,-101.363248821317
43.72447823899173,-101.3655786941364,43.72911952713655,-101.3628259292972
43.72434948386148,-101.3653341270118,43.72908195423253,-101.3624443675495
43.72430022955702,-101.3650464883159,43.72907082676783,-101.3621848924919
43.72443965216466,-101.3647206013995,43.7289354459129,-101.3619163584761
43.72464318327563,-101.3644918118026,43.72871245051119,-101.3617539421573
43.72485582393239,-101.3641912014994,43.72842764613993,-101.3617075724703
43.7249904095053,-101.3639313572094,43.72819278780366,-101.3617743355528
43.72502029944955,-101.3636264725626,43.72796472901931,-101.361909890424
43.7249937681619,-101.3634031720063,43.72764446435108,-101.362494341503
43.72488125694265,-101.3631536388106,43.72734474478575,-101.3628150663135
43.72471499440778,-101.3631457600385,43.72715611057421,-101.3630917389345
43.72459379124601,-101.3632421573423,43.72707571118824,-101.3632901261747
43.72445916913286,-101.3635021095131,43.72698610568699,-101.3635265753526
43.72424447601331,-101.3637801437303,43.72711292745117,-101.3639297153908
43.72401922487247,-101.3639688146282,43.72744516895825,-101.3643228995791
43.72378258573417,-101.3639312400915,43.72764542281378,-101.3645837968363
43.72351040542684,-101.3637413775457,43.72770830440421,-101.3650018131391
43.72337079776105,-101.3635211782774,43.72765526166602,-101.3653194045227
43.7234222953436,-101.3631425517516,43.7275071523246,-101.365497534907
43.72338237375993,-101.3629453761916,43.72731719497025,-101.3654327186692
43.72318193416451,-101.3627850898705,43.72720402829513,-101.3651333842463
43.72292449263984,-101.3625689017815,43.72706744189046,-101.3648581226547
43.72269587814496,-101.3621852658701,43.72675099785523,-101.3646946815243
43.72250109474079,-101.3617947425984,43.72646991975655,-101.3647413252925
43.7223766936096,-101.3614556206464,43.72626375537918,-101.3647521263792
43.72226421565297,-101.3611570005244,43.72601534391309,-101.3650986515775
43.7221102039782,-101.3611226058156,43.72579357843279,-101.3653111849532
43.72199117495504,-101.3612407993408,43.72542907771026,-101.3655197701375
43.72182928540634,-101.3615522951764,43.7251158252564,-101.3656276469039
43.72167295568489,-101.3619085228937,43.72483520238824,-101.365565583383
43.72154231288238,-101.3623491665206,43.7246412845634,-101.365338967035
43.72139083144669,-101.3627683796369,43.72449771660638,-101.3651384802484
43.7212356870351,-101.363162847824,43.72459746233752,-101.364881599935
43.7209911487129,-101.3633136279061,43.72480452425037,-101.364635964828
43.72066196098675,-101.3634586255409,43.72503315428248,-101.3643496092975
43.72046117612247,-101.3634710980986,43.72515485477117,-101.3640521237166
43.72030863806882,-101.3632999665493,43.72519478631438,-101.3638452836027
43.72022584202482,-101.3628493310736,43.72524733382618,-101.3635099898647
43.72031692991239,-101.3624893341903,43.72515597353555,-101.3632065615314
43.72057897683639,-101.3621798714498,43.72502419614396,-101.3629670768415
43.72093918043795,-101.3618687819942,43.72482975152597,-101.362850120507
43.72115977967015,-101.3616354290213,43.72465181931185,-101.3628731489318
43.7213455727361,-101.3613871639592,43.72442066643785,-101.3631405483243
43.72140482449657,-101.3611903566064,43.72422071370622,-101.3634376638919
43.72141403393678,-101.3608453214526,43.72401789102788,-101.363649016147
43.72131487812252,-101.3605700159656,43.72390139258069,-101.3636570131642
43.72118279101728,-101.3603017130669,43.72376593718698,-101.3636152532816
43.7209835310184,-101.360163378254,43.72357442778803,-101.3633171238949
43.72082109449678,-101.3601993695133,43.72359715863814,-101.3630771192792
43.72063609408846,-101.3603104480092,43.72364084309068,-101.3629044155627
43.72051298612993,-101.3606597268732,43.72359995153085,-101.3627710368328
43.72034998533871,-101.3611072677661,43.72344115484504,-101.3626445448442
43.72013841066397,-101.3612706940097,43.72321844614542,-101.3625160909238
43.71991817016784,-101.3615226774262,43.72305842162656,-101.3623727611307
43.71965835815601,-101.3617323625914,43.72283510212959,-101.3620278052146
43.71931864789536,-101.3617699911603,43.72264057704991,-101.3616037987998
43.71912385263531,-101.3618091374832,43.72253811541413,-101.3612859783057
43.71886058186332,-101.3615152559431,43.7224071579866,-101.3609563854471
43.71864848678533,-101.3612644390243,43.72223203333275,-101.3607989350712
43.71852821831581,-101.360810981954,43.72206798767578,-101.3608363424812
43.7184610440924,-101.3602523960303,43.72189793038915,-101.3610366422447
43.71852832895172,-101.3598486081715,43.72164037653607,-101.3615988553651
43.7187771524134,-101.3595666025259,43.7214099984547,-101.3620652036014
43.71904623768872,-101.3593227358058,43.72133799285075,-101.362333213908
43.71925003406768,-101.3592303016667,43.72120269310747,-101.3627230822505
43.71955072850687,-101.3589786038528,43.72103789681252,-101.3629767361534
43.71970135012133,-101.3587154408184,43.72082075226309,-101.3631157993249
43.71972356203108,-101.3583442880618,43.720664564201,-101.3631160268718
43.71969957467338,-101.3580064948727,43.72055072698533,-101.36303431423
43.7197081612514,-101.3576612546354,43.72046032633045,-101.3629288785086
43.71954241617128,-101.3573785929827,43.72046282830361,-101.3627303387914
43.71942182012713,-101.3573374002859,43.72060037896276,-101.3624649825736
43.71925804614921,-101.3573519139572,43.72085996429807,-101.3622438315505
43.7191771421764,-101.35750779042,43.72107937048179,-101.3620140860166
43.71902097388505,-101.3577266039521,43.72122068071638,-101.3618920099217
43.71890728353574,-101.3581643522747,43.72142532937185,-101.3616477922174
43.71873757897216,-101.3584088470728,43.72156904266882,-101.3613273709265
43.71851227778451,-101.3585973686249,43.72162403781336,-101.3610272861542
43.71827068562893,-101.3587894920763,43.72158649324421,-101.3607131163028
43.71800010844557,-101.3588742511552,43.72146501400444,-101.3603460479955
43.71774276050599,-101.3589318219932,43.72128865566731,-101.3600629814633
43.71755038458333,-101.3588389494505,43.72107212918293,-101.3598787732704
43.7174299172711,-101.3585242356755,43.72083046830046,-101.3598087453556
43.71735251081554,-101.358153441727,43.72065974163742,-101.3599011674899
43.71736341151823,-101.3578305040484,43.72053077412259,-101.3601275979152
43.71735322247388,-101.3574671295835,43.72039052526722,-101.3604820751128
43.71739365790138,-101.3572519027966,43.72030791034383,-101.3607703867708
43.71723620752894,-101.3567622307889,43.72010748363764,-101.3610497081883
43.71710759528292,-101.3565164606142,43.71987165071367,-101.3612472883294
43.71696093710588,-101.3562541010973,43.71962536201047,-101.3613573754049
43.71679742347596,-101.3562684485301,43.71937235793722,-101.3614150635222
43.71668462893717,-101.3562936893589,43.7191235770151,-101.3613999095557
43.71661186528448,-101.3565158427947,43.7189022631909,-101.3612886510591
43.71658753044532,-101.3568647090566,43.71876182001103,-101.3609793568177
43.7166610298835,-101.3571930073642,43.71864001723932,-101.3606118478994
43.71663873919275,-101.3574256913848,43.718615226062,-101.3604020082521
43.71656506731146,-101.3576470626719,43.71864705109895,-101.3601251995217
43.71632755690051,-101.3578621400826,43.71880760507651,-101.3599450059665
43.71608889822187,-101.3579854956593,43.71905039873253,-101.3596922304892
43.7158443960812,-101.3579717619442,43.71929795920722,-101.3594749579268
43.71556500246029,-101.3579664421183,43.71956264758182,-101.359274928491
43.71538955950445,-101.3581667257878,43.71974479383684,-101.3590557702025
43.71516977824922,-101.3583996861472,43.71982394496541,-101.3588425049664
43.71506934959016,-101.3586741857858,43.71991660128743,-101.3585207497763
43.71486533893746,-101.3589035813261,43.71992010814881,-101.3581242190035
43.71463674678229,-101.3590699800426,43.71988958088055,-101.3577828548478
43.71449278364754,-101.3592399330495,43.71987527298052,-101.3574453750449
43.71450836117983,-101.3595106384099,43.71971580624207,-101.3571820293773
43.71461798303299,-101.3595998974914,43.71946868358835,-101.3570602440227
43.71480899816818,-101.35967075306,43.71927048695288,-101.3570320354219
43.71513594540197,-101.3595047121174,43.71914717787158,-101.3571071971767
43.71541946553334,-101.3592570984335,43.71904352301858,-101.3573418738402
43.71556031500894,-101.35920205036,43.71886255574187,-101.3577791534413
43.71588471592363,-101.3591735266134,43.71871618182408,-101.3581888080044
43.7161367979242,-101.3592526716396,43.71855009751236,-101.3583169511977
43.71638782998078,-101.3595155275385,43.71822224281639,-101.3585002134715
43.7165411840845,-101.3598678004944,43.71794481016831,-101.3586717272402
43.71657720345592,-101.3602226841295,43.71775810718559,-101.3586089328505
43.7164865306264,-101.3604039107753,43.71765415690319,-101.3585061478178
43.71629848208858,-101.3606289532218,43.7175837051057,-101.3583596163545
43.71605359117018,-101.3608486635068,43.71757982036214,-101.3581092663269
43.71578569134937,-101.360955491524,43.71757403291932,-101.3578415918594
43.71564695874351,-101.3608959829729,43.71759913828826,-101.3574966582072
43.7154330555412,-101.3608992742679,43.71758680102349,-101.3571303817304
43.71527178266413,-101.361073011601,43.7175206749675,-101.3567729487328
43.71521792740698,-101.3611765961078,43.71732483405329,-101.3563175653632
43.71519590502693,-101.3614099438367,43.71707138559905,-101.3559579836302
43.71525828698005,-101.3616686623736,43.71676032898205,-101.3557115174223
43.71537943822095,-101.3620463587303,43.71664012198255,-101.3557773656814
43.71545113572412,-101.362296292104,43.71653129800331,-101.355945074946
43.71537945302754,-101.3626545894663,43.71646963899186,-101.3562613024762
43.71523900248815,-101.3628470882629,43.71637802161645,-101.3566952545129
43.71503488091212,-101.3630548232622,43.71640707528329,-101.3569398154297
43.71472057657574,-101.3632114989296,43.71645141550044,-101.3571985749597
43.71453881834653,-101.3632067207088,43.71640952189426,-101.3573874386437
43.71436164527934,-101.363108665022,43.71635297169692,-101.3575616901735
43.71428283208617,-101.3627979286274,43.7161792877775,-101.3576375400932
43.71425351690851,-101.3623775627339,43.71578334584877,-101.3576921404198
43.7142216954935,-101.361973509977,43.71548897199423,-101.3577233709139
43.71431904393578,-101.3616778260006,43.71533116581092,-101.357813165103
43.71433808090261,-101.3614222018614,43.71515405579323,-101.3579613222482
43.71423573322662,-101.3612621685288,43.71497163238957,-101.3582014621256
43.71408511784533,-101.3612502787176,43.71478330558717,-101.3583887736827
43.71390842833772,-101.3612905773468,43.71472348732556,-101.3586162005718
43.71358462998775,-101.3614785467132,43.71454747046516,-101.3587819674251
43.71332944184615,-101.3616961971542,43.71435430356141,-101.3589157647537
43.71298913245504,-101.3620462323457,43.71426144118378,-101.3590977235514
43.71273840889158,-101.3621707594375,43.71419702729281,-101.3593269290415
43.71252966474553,-101.3622605721602,43.71419722502756,-101.3595415011562
43.71233219655893,-101.3621234046901,43.71426685699541,-101.3597941783864
43.71217483976326,-101.3618874360385,43.714422670933,-101.3600095932105
43.71214125798301,-101.3615992636413,43.71467783061883,-101.3601108314563
43.71219507156443,-101.3611569003341,43.71500299912827,-101.3598605973085
43.71227406540115,-101.3608423152169,43.71523772736079,-101.3596461024326
43.71224475440669,-101.3604606332332,43.71539348386017,-101.3595388518971
43.71215152641892,-101.3599565508832,43.71555289499156,-101.3594665140677
43.71198102489235,-101.3594930585636,43.7158614104825,-101.3594498196
43.71182739679795,-101.3592090497639,43.71614111561239,-101.3596365229221
43.71181457156663,-101.3589610016297,43.71631449471658,-101.3597765826715
43.71178023647162,-101.3586722096487,43.7163997785063,-101.3600445535263
43.71179779829051,-101.3583939528533,43.71632224567758,-101.3602597495649
43.71175787105886,-101.3580607660784,43.71616068512955,-101.3604224421064
43.71163505104676,-101.3577237729476,43.71596963244746,-101.3605727157583
43.71147930407034,-101.3573700256608,43.71576066861387,-101.360673697217
43.71128802497624,-101.3571639462506,43.71560565872468,-101.3606735431283
43.71111402511648,-101.3570896767473,43.71548105959781,-101.3606118749137
43.71090454756639,-101.3571382429793,43.71536013276469,-101.3605848788671
43.7107414583866,-101.3574259186947,43.71519085522601,-101.3606943214125
43.71070412032311,-101.3577989452873,43.71503178382739,-101.3609820928121
43.71068133212229,-101.3583067926277,43.71500729209085,-101.3613113682563
43.71078526840416,-101.3586252938784,43.7149937675807,-101.3616364587472
43.71092096666045,-101.3592103652287,43.71505205150225,-101.3619096234929
43.71101059769133,-101.3594183141842,43.71518007931834,-101.3622212715473
43.71112991665883,-101.3597332763091,43.71521241329734,-101.3624844529164
43.71108472373771,-101.3599031456444,43.71504259963562,-101.362700126067
43.71091870183447,-101.3600322345448,43.71490111953324,-101.362820899091
43.71070302514695,-101.3600358624615,43.71476257198211,-101.3628526988955
43.7104459701281,-101.359797925765,43.71463814847478,-101.3627902641158
43.71021515153824,-101.3595079619837,43.71454413260944,-101.3626511357786
43.70998163731931,-101.3590827473191,43.71448401731205,-101.3624689601322
43.7097464046175,-101.3587718030497,43.71445750651306,-101.3622430807994
43.70952442104818,-101.3587086119626,43.71451841566781,-101.3619956004927
43.70933715914832,-101.3589334927314,43.71456002475917,-101.3618058709981
43.70918165921485,-101.359151560067,43.71455820744671,-101.361465745127
43.70901400104199,-101.3595564929525,43.71458161633793,-101.3612428746378
43.70882928423254,-101.3598038526753,43.71454752818909,-101.3610708658941
43.70850912758798,-101.3600130760798,43.71446504518101,-101.3609277109229
43.70821834215457,-101.3601936038482,43.71420952261706,-101.3608430037913
43.70794131097397,-101.3602114691266,43.71400488826319,-101.3608549519713
43.7077673762671,-101.3601365941369,43.71376026396955,-101.3609659108077
43.70766317686759,-101.3598182459721,43.7135716879667,-101.3611174777697
43.70764686506217,-101.3594105336172,43.71325002568175,-101.3613514786514
43.70765005350815,-101.3590222935288,43.71305673277408,-101.3614669433747
43.70773313317063,-101.3586147356368,43.71293062932283,-101.3616032740264
43.70780615221226,-101.3581199537157,43.71282332866819,-101.3617894854096
43.7078548702632,-101.3576988540044,43.71269095290119,-101.3618732567043
43.70784214153966,-101.3573153087689,43.71253355821923,-101.3618551054417
43.70769296432209,-101.3571684382492,43.71242230114652,-101.3617913794315
43.70753496039325,-101.3572258237113,43.71230492066654,-101.3615677846311
43.70743553831517,-101.3574985498812,43.71233894084434,-101.3613089928955
43.70743017000737,-101.3577286320438,43.71235816415008,-101.3610360727553
43.70749672145201,-101.3580100162617,43.71240688492095,-101.3607918468355
43.70744318092514,-101.3582506563569,43.71240298924278,-101.3605421197068
43.70738675228445,-101.3586054843427,43.71234263512564,-101.3601440587782
43.70727660956183,-101.3589262906445,43.71224445123551,-101.3597546782455
43.70722362440095,-101.3593042089335,43.71211947751555,-101.3592462101545
43.70715325838299,-101.359663955168,43.71204619513721,-101.3589585108017
43.70700236866456,-101.3599038488435,43.71202384459127,-101.3584446061275
43.70677632248108,-101.3599538359602,43.71198855202174,-101.3580407447299
43.70658332896485,-101.3598606955382,43.71190886413702,-101.357579053715
43.70639760460708,-101.3595602059521,43.71175946845293,-101.3571473584392
43.70614837154217,-101.3592743586471,43.71161785752001,-101.3569043459212
43.70594352158286,-101.3590709749306,43.71136770814451,-101.3567462978284
43.70571615424446,-101.3588261272936,43.71118253645451,-101.3567131775572
43.70546047054523,-101.3586114693018,43.71085388265222,-101.3567672861668
43.70494548762949,-101.3585699195633,43.71064263635962,-101.356953767012
43.70456853602722,-101.3587241270788,43.71049606098678,-101.3572511847949
43.70427605534307,-101.3588619387339,43.71043667545154,-101.3577589668731
43.70396372009787,-101.3589169534302,43.71042795159418,-101.3581664173016
43.70364309655532,-101.3587588785589,43.71055121267896,-101.3585661783079
43.70326885387611,-101.358409530011,43.71065598601572,-101.3589003021136
43.70283226219257,-101.3579535368633,43.7108393956817,-101.3593592072081
43.70276585542501,-101.3576727666988,43.71085001903937,-101.3595537059363
43.70284604345201,-101.3573624843281,43.71078508603823,-101.3596580068064
43.7028990887811,-101.3571030337644,43.71062639253069,-101.35962274366
43.70295868479775,-101.3566532502426,43.710481398165,-101.3594947485345
43.70308053009794,-101.3563048361129,43.71029702449219,-101.359250559974
43.7032193102507,-101.3557977676387,43.71017959359664,-101.3591170396404
43.70328365942812,-101.3554901675951,43.71006658522413,-101.3589112714224
43.70316635997839,-101.354943995867,43.71004195481189,-101.3587026516192
43.70296221125837,-101.3544678389789,43.70997793252361,-101.3584854192843
43.70283364891774,-101.3543599843299,43.70990803277738,-101.3583400114402
43.70272449666659,-101.3544080522628,43.70973602439705,-101.3582003690381
43.70263396492574,-101.35447460693,43.70957751296885,-101.3581820446982
43.70257675947904,-101.3546915643955,43.70943870846607,-101.3582669137588
43.70265714687007,-101.3549667228205,43.70923367202813,-101.3585989567113
43.70271336910606,-101.3553154204456,43.70898043330252,-101.3591938853017
43.7027091353935,-101.3557016505091,43.70889091228264,-101.3594103494367
43.70262551671403,-101.355970075413,43.70867858744913,-101.3595841716514
43.70240910597946,-101.3563606432922,43.70850814604392,-101.3596770397449
43.70211946497778,-101.356679280008,43.70822712233201,-101.359812617327
43.70182864448526,-101.3567228561349,43.70803423372488,-101.3598209527601
43.70153968190726,-101.356650531691,43.70793156199345,-101.3597194599786
43.70131650419152,-101.3565664120892,43.70787737470251,-101.3594817392203
43.7011836309755,-101.3562785469705,43.70786100166879,-101.3592351034397
43.70113676988828,-101.3560178166897,43.70788665969237,-101.3588005594246
43.70107545760018,-101.3557810807785,43.70797075258117,-101.358424753701
43.7010177248283,-101.3554311576961,43.70802141841625,-101.3580917962728
43.70088729042521,-101.3550282554044,43.70807655328378,-101.3576854815629
43.70074081618915,-101.3549026274836,43.70807713122274,-101.3572563983681
43.70057486246918,-101.3548940269312,43.70801033329526,-101.3569154995888
43.70045215868679,-101.3549677300136,43.70781164357453,-101.3567635413431
43.7002305745461,-101.3551777906553,43.70762734912103,-101.3567338088456
43.70014506905316,-101.3554420278897,43.70737131654564,-101.3569285839131
43.70008034063184,-101.3557449760007,43.70728498062308,-101.3570729381661
43.69984349546639,-101.356095845879,43.70725673329894,-101.3572747258804
43.69964189462385,-101.3561634300178,43.70726705964624,-101.3575763288707
43.6994088652696,-101.3560877298988,43.70728917725084,-101.3578595398752
43.69925724382892,-101.3559178559196,43.70728062067679,-101.3581118633594
43.69918555616865,-101.3556328221983,43.70721279986844,-101.3584124759257
43.69932280932372,-101.3553782331223,43.70711775617641,-101.3587013782993
43.69945030835041,-101.3551718504503,43.70700408046035,-101.3589411403264
43.69963639680194,-101.3546734345448,43.70699525404294,-101.359192928882
43.69972713448569,-101.3543341042152,43.70689133318672,-101.3594108212429
43.69979275577482,-101.353910650753,43.7067494916984,-101.35951619627
43.69974243162564,-101.3533323145372,43.70662019762656,-101.3595112984749
43.69960192065368,-101.352862484403,43.70639812857567,-101.3592877596194
43.69938234598578,-101.3524115056555,43.70614365708916,-101.3588826757217
43.69914465836328,-101.352193899557,43.70581067104569,-101.3585821679383
43.69889556969494,-101.3521819553949,43.70547503801028,-101.3583584899191
43.6985865894089,-101.3523862421574,43.70519193804962,-101.3582602057469
43.69813058151874,-101.352893788829,43.70483136445617,-101.3582684027668
43.69798010654132,-101.3530178174687,43.70451791635044,-101.3584505209018
43.69739282198562,-101.3529977250144,43.70416806570343,-101.358546506527
43.69714258203712,-101.3529435310495,43.70397979130995,-101.3585910333158
43.69691136857744,-101.3527921429283,43.70380403314185,-101.3585237472948
43.69664168097298,-101.3527599556303,43.70344028920525,-101.3581772171118
43.69653034406933,-101.3524925147588,43.70310784921175,-101.3578792487127
43.69649911774102,-101.3522272624383,43.70304955836306,-101.3577129647657
43.69668860613735,-101.3517520297062,43.7030877256175,-101.35738216585
43.69686776035827,-101.3514612610632,43.70311524982904,-101.357073204609
43.69696658605804,-101.3511886455354,43.70314048364361,-101.3568549114043
43.6970230400038,-101.3508348922848,43.70335025107862,-101.3565558942114
43.69696746586789,-101.3506430729558,43.70348055100164,-101.3561316093623
43.69684188963356,-101.3505580000034,43.70352483875567,-101.3558490370979
43.69660752603286,-101.3505205979781,43.70353557140029,-101.3556126940171
43.69633740030101,-101.3506047727481,43.70354642998581,-101.3552728897799
43.69609696866203,-101.3506594955102,43.70355315254872,-101.3548972190924
43.69586524553369,-101.3506442282077,43.70339696869061,-101.3545602343496
43.69564148267688,-101.3506953093066,43.70328223341641,-101.3544618278298
43.69545537338639,-101.3507833500215,43.70315285739894,-101.3543490932318
43.69534052765123,-101.3509231217419,43.70311607753509,-101.3541418461359
43.69518263904632,-101.3512543400691,43.70296185936904,-101.3540347518881
43.69503688425271,-101.3515589908745,43.70278372010683,-101.3540590111302
43.69483603581226,-101.3518081586667,43.70267219972261,-101.3541034636992
43.69452790070696,-101.3519700420175,43.70256103181014,-101.3541471165813
43.6943146111283,-101.3521091401265,43.70237266325292,-101.3544038912591
43.69400469979877,-101.3522677168319,43.70241747655177,-101.3547870740551
43.69380286300639,-101.3523599019014,43.70241483116618,-101.3550912797329
43.69359595416766,-101.3522732205415,43.70245043681988,-101.3554398580488
43.69345719101002,-101.3524842861519,43.70243359625511,-101.3557293336642
43.69323099710191,-101.3526499143386,43.70233506195924,-101.3559838378024
43.69296754129914,-101.3526430100845,43.70223648718735,-101.3562383160599
43.69273352904954,-101.3524698002624,43.70199273728182,-101.3563644178659
43.69247894418764,-101.3522546060187,43.70178919550424,-101.3563923646034
43.69225751999298,-101.3520567804771,43.70155981239576,-101.3561954468273
43.69220697885398,-101.3517735384476,43.70138377126675,-101.3559138494325
43.69234020596249,-101.3513801566177,43.70129143603123,-101.3555775945354
43.69247139530763,-101.3511003402108,43.70123036195707,-101.3553039287531
43.69263395242891,-101.3509497668503,43.70111781799371,-101.3549183927649
43.69284438402413,-101.3509244209315,43.70100604419023,-101.3547308268119
43.69315013249569,-101.351149819283,43.70085901377333,-101.3543721544391
43.69353363118623,-101.3510623654708,43.70062208399081,-101.3541962130606
43.69366707978555,-101.3506686341714,43.70049723308466,-101.3542249256187
43.69362771835057,-101.3502010928269,43.70029930220585,-101.354395208591
43.69351638896647,-101.3498181013962,43.70016515746916,-101.3546752742727
43.69329838042578,-101.3496407175447,43.7000222833943,-101.355099623096
43.69305323877732,-101.3497871953617,43.69989273741778,-101.3555219813699
43.69285364820382,-101.3499012140816,43.69976914061475,-101.3556747968237
43.69265676983851,-101.3499007663376,43.69964174061675,-101.3556862576601
43.69243308830008,-101.3498154426318,43.69956681229485,-101.3555968593826
43.69231349675535,-101.349638451302,43.69958133730003,-101.3553967497393
43.69209908231745,-101.3492116994853,43.69979636376505,-101.3550438222604
43.69210183852765,-101.3488248755791,43.69999151862499,-101.3545185690456
43.69196474006397,-101.3483583270371,43.70011408380446,-101.354151527077
43.6918435046022,-101.3477518984174,43.70015815722639,-101.3537675724683
43.69170783546819,-101.34730544173,43.70008836099533,-101.3532850786724
43.69154096977375,-101.3467313523621,43.69989312042861,-101.3529376407404
43.69148607748259,-101.346405060875,43.6997102779446,-101.3524997500496
43.69156813096794,-101.3461349130949,43.69947254148384,-101.3521276200448
43.6916934873414,-101.3458114822739,43.69922471990832,-101.3518817959018
43.69173079432006,-101.3455754672,43.69889952120322,-101.3518488068861
43.69166733696011,-101.345318090997,43.69862825038181,-101.3519454943902
43.69147929658941,-101.3451134039978,43.69826873170281,-101.3521682996608
43.69130160867345,-101.3449962898427,43.69797899528471,-101.3521113217644
43.69115264098058,-101.3448482735427,43.69751897424068,-101.3523577653556
43.69088481053689,-101.3446614802255,43.69726454669532,-101.3523806245512
43.69056617780603,-101.3445989743019,43.69703611144077,-101.3525210094491
43.69042031196859,-101.3446104397088,43.69695449536407,-101.3524859987887
43.69035372355568,-101.3447389767193,43.69697188343356,-101.3523044361407
43.69033796636336,-101.3448793482762,43.69707119087548,-101.3519445025283
43.69041209239886,-101.345088865383,43.69719731866393,-101.3515820970976
43.69054454834084,-101.3452393541972,43.69724216813697,-101.3511867651958
43.69073837110379,-101.3453535578936,43.69729316638352,-101.3507386165197
43.6908584949578,-101.3456680100928,43.69725562451264,-101.3505213966478
43.69081767515559,-101.3458797890436,43.69707875544557,-101.3503675737646
43.69088995712265,-101.3461876561296,43.69690466853314,-101.3503286629901
43.69077687601989,-101.3463740651311,43.69666925247422,-101.3502940474595
43.69048801815503,-101.3463972491933,43.69645606192329,-101.350342083465
43.69017590666439,-101.3462429085442,43.69620260522274,-101.3503805890939
43.68996841668877,-101.3463106338276,43.69608792793656,-101.3502677526199
43.689499325025,-101.3463506723376,43.69592229386799,-101.3502571303087
43.68929426845418,-101.3465355690263,43.69575265629049,-101.350348027877
43.68926730405801,-101.3467429105081,43.69560180056684,-101.3503664053825
43.68915132583037,-101.3469009143515,43.69547947757189,-101.3504430504611
43.68899733504356,-101.3470011566195,43.69530676871224,-101.3506228865904
43.68879976837584,-101.3469798865423,43.69509847200176,-101.350935788251
43.68857633456712,-101.3469140528572,43.69496864461537,-101.3510204973167
43.68828399815381,-101.3466239045667,43.69478100488688,-101.3513839125196
43.68789387098523,-101.3462175641259,43.69444028427428,-101.351656913826
43.68750410829285,-101.3458312411124,43.69414643684485,-101.3517775476743
43.68702094279069,-101.3454884341443,43.69394861033452,-101.3517993955016
43.6866234091244,-101.345308188909,43.6937753133667,-101.3518565125689
43.68621770174952,-101.3450616245815,43.6935256785449,-101.3520211529927
43.6860672282284,-101.3450483804425,43.69336304276584,-101.3521652523814
43.68598900675926,-101.344796062863,43.69310560769792,-101.3522761034291
43.68587969363809,-101.3447071513725,43.69286888760075,-101.3522250194478
43.68584859702487,-101.3445791643928,43.69263771091185,-101.3521181131476
43.68567544347885,-101.3446407511551,43.69248789570327,-101.3519391630402
43.68551602485079,-101.34467706556,43.69247534867071,-101.3517280626221
43.68549991618054,-101.3448165432672,43.69258371175986,-101.3514536569211
43.68543828482812,-101.3451245339293,43.69276315706837,-101.3514484016402
43.68530265367896,-101.3453593016407,43.69298313977127,-101.3515747247708
43.68512195649823,-101.3454911003076,43.69322672805148,-101.3516788554086
43.684837551994,-101.345577829455,43.69347045662415,-101.3516763498528
43.68458811000802,-101.3455444291503,43.69369795264358,-101.3515511388075
43.68419012498467,-101.3453635294416,43.69388810733513,-101.3513126534337
43.68374695714011,-101.3452160655127,43.69404577253306,-101.3509044254476
43.6835989945035,-101.345201519707,43.694079955906,-101.3504673167412
43.68324412784454,-101.3445598912898,43.69402423891475,-101.3500336596146
43.68321861010147,-101.3443385483656,43.69387163006402,-101.3496245649611
43.68330376340682,-101.3440930813008,43.69376309264629,-101.3494550684991
43.68345441477373,-101.3439916878809,43.69365945879298,-101.3492136410054
43.68385187392388,-101.3440377367626,43.69347713827332,-101.3490780620255
43.68402448603133,-101.3439757115307,43.69327436739307,-101.3489997518916
43.68418409763196,-101.3436676737258,43.6930627896574,-101.3489588067495
43.68424271685911,-101.3434732680617,43.69293596801202,-101.3489700285334
43.68413166360622,-101.3430913370693,43.6928461354617,-101.3490621682504
43.68400962600054,-101.3430286455499,43.69267850160717,-101.349064438707
43.68391955110589,-101.3428228821054,43.69258201765786,-101.3491100507197
43.68372346897879,-101.3428225032813,43.69247372109222,-101.3491552236257
43.68358071495872,-101.3427195976804,43.69237243623161,-101.3489632353902
43.68354368608298,-101.3424114189749,43.69222890096071,-101.348714430854
43.68353738760464,-101.3418168794406,43.69215817260733,-101.3484461709018
43.6835563987845,-101.3414278252234,43.69206540686548,-101.3482172358255
43.68351216936831,-101.3410540457448,43.69196049426085,-101.3477627241237
43.68335017921174,-101.3406601871064,43.69191982622706,-101.3474174196254
43.68323370799279,-101.3403699683606,43.69188307219069,-101.3472130186677
43.68313635075007,-101.3399628521095,43.69180393176038,-101.3468757386087
43.68309322055034,-101.3396091148132,43.69177020993015,-101.346705703704
43.68297654953484,-101.3394546518266,43.69170823254095,-101.3464003780357
43.68285174099852,-101.3395057236457,43.69176072563064,-101.3461931174073
43.68266551610139,-101.3397288338052,43.69185047584813,-101.3459773871522
43.6823285741688,-101.3400554429864,43.69198423583089,-101.3457349713235
43.68199084909244,-101.3405166753894,43.69202963192332,-101.3455830788122
43.6817559928792,-101.340883303489,43.69198505988253,-101.345396999355
43.68163890334758,-101.3409990582666,43.69187643109628,-101.3452448147798
43.68147389897543,-101.3411242073298,43.69176806939612,-101.3450925351892
43.68140063990121,-101.341334629786,43.69165342632535,-101.3449753079797
43.68120393797947,-101.3414614420516,43.6916168089835,-101.3447900669433
43.68099974639829,-101.3415016086697,43.69147783731624,-101.3446973440378
43.68080897071233,-101.3414079774216,43.69126432890342,-101.3445146687653
43.68064883789654,-101.3410673102717,43.69106994191679,-101.3444018482582
43.68063028380043,-101.3407252793171,43.69089792106526,-101.344351191111
43.68069743264944,-101.3400366734154,43.69058362288679,-101.3443009652179
43.68070291682579,-101.3396732057665,43.69043815516856,-101.344369198216
43.68068506426878,-101.3388402658333,43.69027591256368,-101.3445116693927
43.68063773924585,-101.3384440154592,43.69021969569273,-101.3445765082497
43.6804887254031,-101.3380247105824,43.69007624228924,-101.3446641005499
43.68030051126246,-101.3378188267085,43.69003862813302,-101.3447781846334
43.68013338327322,-101.3377890609066,43.69010684041675,-101.3450271765297
43.67986711136346,-101.3378937542417,43.69021062035033,-101.3452517303538
43.67963401842304,-101.337992586227,43.69036019397874,-101.3454309097341
43.67937311928475,-101.3380051679066,43.69054713662442,-101.345707402559
43.67916937755199,-101.3379391074785,43.69059282278133,-101.3458741491088
43.67895010859402,-101.3378773914254,43.69051160225648,-101.3459458642013
43.6787301094161,-101.3379670609712,43.69034919131674,-101.3459830592696
43.67854066477627,-101.3380288698722,43.69015574611574,-101.3459744657567
43.67841202751359,-101.3379025558562,43.69003112425101,-101.3458967821236
43.67831749806643,-101.3376547593362,43.68987730084208,-101.3458965061574
43.67831931575321,-101.3373875970623,43.68970265868202,-101.345936355109
43.67834638023454,-101.3370656848509,43.68966286458428,-101.3460338065585
43.6784612964162,-101.3367920593464,43.68931159486233,-101.3460964196899
43.67853556927037,-101.3365939952774,43.68911818645235,-101.3461937494543
43.67844808241658,-101.3364102711979,43.68904294354245,-101.346423548909
43.67831848697805,-101.3362819246653,43.68884270140534,-101.3465754711008
43.67815666707821,-101.3362961583012,43.68872894885793,-101.3465838713273
43.67791333151766,-101.3364388124589,43.68854380552904,-101.3465374406933
43.67766846564943,-101.3366231655614,43.68834610342319,-101.3463874496872
43.67741890195741,-101.3367241772383,43.68781762952762,-101.3458172532384
43.67701199313193,-101.3367082431993,43.68709145718266,-101.3453100633647
43.67655885492336,-101.336743131489,43.68666761526067,-101.3450877880317
43.67613153429291,-101.3366896869353,43.68645902099215,-101.3449412822327
43.67578627155009,-101.3365408631674,43.68622149779924,-101.3447497767089
43.67555073784655,-101.336210525691,43.68610629592477,-101.3446075985384
43.67544002264476,-101.3358296227974,43.68592873315987,-101.3443053421071
43.67549893670424,-101.3355004981263,43.68572158456027,-101.3441750966032
43.67563696600251,-101.3354240597709,43.68553540893024,-101.3442124128871
43.67567413211975,-101.33518944045,43.6853994883415,-101.3443566704345
43.67583381430094,-101.3350180508384,43.68528940182542,-101.3446140993958
43.67603827270045,-101.3348133913402,43.68515420896051,-101.3448763657216
43.67616248008528,-101.3346264185596,43.68502732828068,-101.3449942111039
43.67618845263861,-101.3344392396204,43.68486536840947,-101.3450333457171
43.67611987088701,-101.334274353435,43.68468451274537,-101.3449125007335
43.67598477052823,-101.334237426192,43.68444976962721,-101.3448794768381
43.67586017477661,-101.3342884338453,43.68423990841514,-101.3448373484064
43.67578350973079,-101.3344643086625,43.68403835955039,-101.3448643249933
43.67573018791575,-101.3345666238228,43.68382037200217,-101.3447539149131
43.67561282017934,-101.3346830374194,43.6837331043392,-101.344668634472
43.67558333089425,-101.3349382802667,43.68371666304318,-101.3445305371503
43.67551420258943,-101.3350443125558,43.68379381744802,-101.3444225277337
43.67534468769063,-101.3351281961755,43.68394347444097,-101.344387399909
43.67514231452619,-101.3350623479533,43.68411384215844,-101.3443137519423
43.67504199321313,-101.3349046835619,43.68424895073952,-101.3442605937723
43.67496768345387,-101.3345600817054,43.68434680061129,-101.344010370544
43.6749763769109,-101.3342194954775,43.68449444653512,-101.3437441972776
43.67495951578979,-101.3338165095758,43.68452376424723,-101.3435619478952
43.67492561153313,-101.3335308019315,43.68456359823607,-101.3432528353001
43.67481617537826,-101.3334205185811,43.68451406642516,-101.3429442940681
43.67470069536555,-101.3335596321165,43.68441261105759,-101.3427389421036
43.67456388024337,-101.3337937922413,43.68422170688832,-101.3426401007389
43.67441117649491,-101.334031322171,43.68399754086655,-101.3425852704717
43.67407665619609,-101.3342427237426,43.68388338836304,-101.3424881723949
43.67379743626786,-101.3343735449926,43.68375069821487,-101.3423411217474
43.67350565041936,-101.3343946384262,43.68371397737673,-101.342134219453
43.67328557849205,-101.3343318724426,43.68370399919957,-101.341835448922
43.6732141913912,-101.3341239418235,43.68368565092533,-101.3414686639409
43.67314028259098,-101.3339153375669,43.6836755766094,-101.3411703891504
43.67323227124094,-101.3335788134059,43.68362164158432,-101.3409360310002
43.67328097303105,-101.3331614065306,43.68343103484646,-101.3405196741339
43.67328667422249,-101.3329343343177,43.68331482543238,-101.3401928634384
43.67307276759821,-101.3322382777903,43.68333249634637,-101.3399042699742
43.67286096128512,-101.3319708271404,43.68326850149695,-101.3395827795095
43.67240822291756,-101.3316009403454,43.68321704698369,-101.339364343022
43.67184748925664,-101.3311423010679,43.68309908476361,-101.3392319581315
43.67153261263486,-101.3309666416981,43.68299161913071,-101.3391855034494
43.6713023253468,-101.3310872660865,43.68286515261956,-101.3391966568488
43.67127822113256,-101.3312950965981,43.68274950968658,-101.3393123723756
43.6713362536816,-101.3315078361902,43.68257717248883,-101.3394755108533
43.67150801437024,-101.331718326493,43.68209875733509,-101.3399552595235
43.67161817547179,-101.3325053776159,43.68175230877318,-101.3403891828999
43.67136119459859,-101.3330821456772,43.68155447866157,-101.3406646247076
43.6711074498217,-101.3332757305031,43.68141515099262,-101.3407849909356
43.67089371261124,-101.3333924457868,43.68128947737371,-101.3409013556734
43.6707644932828,-101.3335346662452,43.68111347409783,-101.3410296038167
43.67070684940208,-101.3337280462182,43.68101600227061,-101.3409634335217
43.67069660178194,-101.3339102040788,43.68086207705427,-101.3408573850404
43.67048337215311,-101.3341609547932,43.68080769754204,-101.3407286017186
43.67037005297052,-101.3341644165946,43.68079363409906,-101.3405016950611
43.67026704960431,-101.3341205694069,43.68078917187156,-101.340255282144
43.67026594088835,-101.3338510490925,43.68084020560066,-101.3401370322771
43.6701245584061,-101.3337703879433,43.68083183370974,-101.339749928323
43.67004165968223,-101.3336313457443,43.68086136765722,-101.3394419887439
43.6699984408019,-101.3334153105504,43.68084554350981,-101.3389858944109
43.67003569702157,-101.3331813197848,43.68089156502228,-101.3388162313259
43.67014942675711,-101.3330424715509,43.68085428691676,-101.33836581551
43.67022908639944,-101.332753676875,43.68073691553644,-101.3380048276823
43.67020040051788,-101.3325123845057,43.68064367896023,-101.3377273769029
43.67014265945708,-101.3321649757999,43.68049682420963,-101.3375880717705
43.66999762402508,-101.331769796063,43.68030705532418,-101.3374936788299
43.6697864264746,-101.3315026002774,43.68002755982032,-101.3375087478299
43.66956196685928,-101.3312609766647,43.6797598360248,-101.3376234092125
43.6694109987193,-101.331227429385,43.67950683832602,-101.3376451736532
43.66933147733798,-101.3313808460345,43.67912311015002,-101.3376445074838
43.66932082788767,-101.3315638340898,43.6788745914502,-101.3375944589812
43.66938403600357,-101.3318198742429,43.67867159810064,-101.3374992152281
43.66952190334512,-101.3321498425674,43.67858720359195,-101.3373234313923
43.66952140987127,-101.3325555580916,43.67856504561001,-101.3371335395858
43.66948226635617,-101.3329031398135,43.67868161318513,-101.3369298706231
43.66932421752934,-101.3333239648743,43.6788063436457,-101.3366892516821
43.66907344773436,-101.3336735585357,43.67886240713106,-101.336411783713
43.66878743550338,-101.333873613162,43.67877975189715,-101.3361481741953
43.66853728839562,-101.3338402640649,43.67860705508568,-101.3359938790116
43.66840304007991,-101.3336684311826,43.67842519209148,-101.3359644710824
43.6683999374651,-101.3333762571578,43.67811776653691,-101.3360702495793
43.66851790329282,-101.3332813413465,43.67779047580587,-101.3362155169184
43.66867824618784,-101.3331316396604,43.67742663283189,-101.3362812663704
43.66881793507785,-101.3330769686554,43.67698713214487,-101.336346229102
43.66896052457717,-101.3329089999381,43.67648227887415,-101.3363905858677
43.668908182946,-101.3327409073435,43.67623073474505,-101.3363064887761
43.66872889784746,-101.3326018329624,43.67595408758148,-101.336210390251
43.66854973031187,-101.3325980717776,43.67579377378615,-101.3360529046402
43.66837585810975,-101.3326381512211,43.67573804686307,-101.3359067445014
NaN,NaN,43.67572508664162,-101.3355918837571
NaN,NaN,43.67580741801108,-101.3354317578159
NaN,NaN,43.67585597504397,-101.3352971460348
NaN,NaN,43.67605935423271,-101.3351281769843
NaN,NaN,43.67621226540265,-101.3349882555735
NaN,NaN,43.676341200913,-101.3346601843045
NaN,NaN,43.67638848290326,-101.3344036122103
NaN,NaN,43.67634770891872,-101.3342002326729
NaN,NaN,43.67625000595327,-101.3340451638076
NaN,NaN,43.67613308866746,-101.3338803998872
NaN,NaN,43.67594298497057,-101.333863189365
NaN,NaN,43.67581102996871,-101.3339288374191
NaN,NaN,43.67570201461476,-101.3340776198599
NaN,NaN,43.67560145112333,-101.3342953067293
NaN,NaN,43.67552042108924,-101.3344724281808
NaN,NaN,43.67541688687124,-101.3345666313042
NaN,NaN,43.67530725624629,-101.3345937047064
NaN,NaN,43.67519768489891,-101.3345305774923
NaN,NaN,43.67515103507922,-101.3343635516752
NaN,NaN,43.67513946268502,-101.3341709421057
NaN,NaN,43.67517680233018,-101.3339668769355
NaN,NaN,43.67517021371539,-101.3337200782187
NaN,NaN,43.67510133893308,-101.3334713266999
NaN,NaN,43.67503749503081,-101.3332572244434
NaN,NaN,43.6749518686002,-101.3331548686165
NaN,NaN,43.67478457581021,-101.3331234314615
NaN,NaN,43.67462358034111,-101.333355588593
NaN,NaN,43.67439949887146,-101.3337245938906
NaN,NaN,43.67419787274812,-101.3339643716953
NaN,NaN,43.67394702754338,-101.3341097149721
NaN,NaN,43.67367146926376,-101.3341547298025
NaN,NaN,43.6735058754961,-101.3341572926746
NaN,NaN,43.67334448290267,-101.3339821278804
NaN,NaN,43.67333435087543,-101.3337904168664
NaN,NaN,43.67342109750714,-101.3335582244751
NaN,NaN,43.67345432555965,-101.3333036897935
NaN,NaN,43.67348390026032,-101.3330151158202
NaN,NaN,43.67335845239548,-101.3326028327675
NaN,NaN,43.67323247541622,-101.3322963624959
NaN,NaN,43.67311489645643,-101.3319524388399
NaN,NaN,43.67297832487505,-101.3317727624644
NaN,NaN,43.67272400047969,-101.3315656792754
NaN,NaN,43.67241649556963,-101.3312321999043
NaN,NaN,43.67211024126767,-101.3310188399188
NaN,NaN,43.67179102414374,-101.3307813215994
NaN,NaN,43.67155212726526,-101.3307095498538
NaN,NaN,43.67132717106455,-101.3306236112745
NaN,NaN,43.6712177820818,-101.3306805462249
NaN,NaN,43.67122068751222,-101.3308338494172
NaN,NaN,43.671072677073,-101.3309748539233
NaN,NaN,43.67105148809709,-101.3313165339422
NaN,NaN,43.6711664782938,-101.3315519372753
NaN,NaN,43.67126751643065,-101.3319697340227
NaN,NaN,43.67145278968069,-101.3323502759367
NaN,NaN,43.67132692320901,-101.3325732343912
NaN,NaN,43.67118651856347,-101.3326759265972
NaN,NaN,43.67102153156225,-101.3327842447181
NaN,NaN,43.6708868783973,-101.3329383217474
NaN,NaN,43.67074407466213,-101.3331295248775
NaN,NaN,43.67065214380303,-101.3333267262231
NaN,NaN,43.67058745709171,-101.3336233172299
NaN,NaN,43.6704459005303,-101.3337083067745
NaN,NaN,43.67032025105476,-101.3336493795074
NaN,NaN,43.67025048097242,-101.3334889838946
NaN,NaN,43.67030076891668,-101.3332659667708
NaN,NaN,43.67040425208262,-101.3330487051152
NaN,NaN,43.67041346417626,-101.332800185475
NaN,NaN,43.67038820733674,-101.3324718541461
NaN,NaN,43.67032861393354,-101.3320641288078
NaN,NaN,43.67021187837725,-101.3317381114146
NaN,NaN,43.67008055525198,-101.3313652646041
NaN,NaN,43.66989965015763,-101.331125565262
NaN,NaN,43.66969280669216,-101.3309964656142
NaN,NaN,43.66944275757478,-101.3309300789878
NaN,NaN,43.66929022749022,-101.330913825659
NaN,NaN,43.66919248792281,-101.3310909751095
NaN,NaN,43.66918468748306,-101.3313722112962
NaN,NaN,43.66919810726904,-101.3317034031873
NaN,NaN,43.66930650690487,-101.3319777421846
NaN,NaN,43.66939045818496,-101.3322579108429
NaN,NaN,43.66941496122824,-101.3326752815599
NaN,NaN,43.66928377755599,-101.3330579534405
NaN,NaN,43.66903371532506,-101.3334145028257
NaN,NaN,43.66881252305387,-101.3336939767805
NaN,NaN,43.66869324798368,-101.3336507797567
NaN,NaN,43.66861542395944,-101.3335277079886
NaN,NaN,43.66868393695044,-101.3333536141228
NaN,NaN,43.66892431052573,-101.3332457371054
NaN,NaN,43.66902732686268,-101.3331517059098
NaN,NaN,43.66912427998796,-101.333006208266
NaN,NaN,43.66913110807029,-101.3328461955278
NaN,NaN,43.66909296505352,-101.332626167767
NaN,NaN,43.66893475240262,-101.332451857323
NaN,NaN,43.66873519618975,-101.3323913889042
NaN,NaN,43.6685798585005,-101.3323738960347
NaN,NaN,43.66844997282177,-101.332350815837
